Alabama,Aderholt,Robert,Robert_Aderholt
Alabama,Brooks,Mo,RepMoBrooks
Alabama,Byrne,Bradley,BradleyByrne
Alabama,Byrne,Bradley,RepByrne
Alabama,Palmer,Gary,Palmer4Alabama
Alabama,Palmer,Gary,USRepGaryPalmer
Alabama,Roby,Martha,RepMarthaRoby
Alabama,Roby,Martha,TeamRoby
Alabama,Rogers,Mike,RepMikeRogersAL
Alabama,Sewell,Terri,RepTerriSewell
Alabama,Sewell,Terri,Sewell4Congress
Alaska,Young,Don,donyoungak
Alaska,Young,Don,repdonyoung
American Samoa,Amata,Aumua,RepAmata
Arizona,Biggs,Andy,RepAndyBiggsAZ
Arizona,Biggs,Andy,andybiggs4az
Arizona,Gallego,Ruben,RepRubenGallego
Arizona,Gallego,Ruben,RubenGallego
Arizona,Gosar,Paul,DrPaulGosar
Arizona,Gosar,Paul,RepGosar
Arizona,Grijalva,Raúl,RepRaulGrijalva
Arizona,Grijalva,Raúl,standwithraul
Arizona,Kirkpatrick,Ann,Ann_Kirkpatrick
Arizona,Kirkpatrick,Ann,RepKirkpatrick
Arizona,Lesko,Debbie,DebbieLesko
Arizona,Lesko,Debbie,RepDLesko
Arizona,O'Halleran,Tom,RepOHalleran
Arizona,O'Halleran,Tom,TomOHalleran
Arizona,Schweikert,David,DavidSchweikert
Arizona,Schweikert,David,RepDavid
Arizona,Stanton,Greg,RepGregStanton
Arizona,Stanton,Greg,gregstantonaz
Arkansas,Crawford,Rick,RepRickCrawford
Arkansas,Hill,French,ElectFrench
Arkansas,Hill,French,RepFrenchHill
Arkansas,Westerman,Bruce,RepWesterman
Arkansas,Westerman,Bruce,bruce_westerman
Arkansas,Womack,Steve,rep_stevewomack
Arkansas,Womack,Steve,womack4congress
California,Aguilar,Pete,RepPeteAguilar
California,Aguilar,Pete,aguilarpete
California,Barragán,Nanette,Nanette4CA
California,Barragán,Nanette,RepBarragan
California,Bass,Karen,KarenBassTweets
California,Bass,Karen,RepKarenBass
California,Bera,Ami,BeraForCongress
California,Bera,Ami,RepBera
California,Brownley,Julia,JuliaBrownley
California,Brownley,Julia,RepBrownley
California,Calvert,Ken,KenCalvert
California,Calvert,Ken,TeamCalvert
California,Carbajal,Salud,RepCarbajal
California,Chu,Judy,RepJudyChu
California,Cisneros,Gilbert,Ray,GilCisnerosCA
California,Cisneros,Gilbert,Ray,RepGilCisneros
California,Cook,Paul,RepPaulCook
California,Cook,Paul,joinpaulcook
California,Correa,Lou,RepLouCorrea
California,Correa,Lou,voteloucorrea
California,Costa,Jim,RepJimCosta
California,Cox,TJ,RepTjCox
California,Cox,TJ,TJCoxCongress
California,Cárdenas,Tony,RepCardenas
California,Davis,Susan,DaviSusan
California,Davis,Susan,RepSusanDavis
California,DeSaulnier,Mark,MarkDeSaulnier
California,DeSaulnier,Mark,RepDeSaulnier
California,Eshoo,Anna,Eshoo4Congress
California,Eshoo,Anna,RepAnnaEshoo
California,Garamendi,John,JohnGaramendi
California,Garamendi,John,RepGaramendi
California,Gomez,Jimmy,JimmyGomezCA
California,Gomez,Jimmy,RepJimmyGomez
California,Harder,Josh,RepJoshHarder
California,Harder,Josh,joshharder
California,Huffman,Jared,JaredHuffman
California,Huffman,Jared,RepHuffman
California,Hunter,Duncan,Rep_Hunter
California,Khanna,Ro,RepRoKhanna
California,Khanna,Ro,RoKhanna
California,LaMalfa,Doug,DougLaMalfa
California,LaMalfa,Doug,RepLaMalfa
California,Lee,Barbara,BLeeForCongress
California,Lee,Barbara,RepBarbaraLee
California,Levin,Mike,MikeLevinCA
California,Levin,Mike,RepMikeLevin
California,Lieu,Ted,RepTedLieu
California,Lieu,Ted,tedlieu
California,Lofgren,Zoe,RepZoeLofgren
California,Lofgren,Zoe,ZoeLofgren
California,Lowenthal,Alan,RepLowenthal
California,Lowenthal,Alan,alanlowenthal
California,Matsui,Doris,DorisMatsui
California,McCarthy,Kevin,GOPLeader
California,McCarthy,Kevin,kevinomccarthy
California,McClintock,Tom,RepMcClintock
California,McClintock,Tom,tommcclintock
California,McNerney,Jerry,RepMcNerney
California,McNerney,Jerry,jerrymcnerney
California,Napolitano,Grace,gracenapolitano
California,Nunes,Devin,DevinNunes
California,Nunes,Devin,RepDevinNunes
California,Panetta,Jimmy,JimmyPanetta
California,Panetta,Jimmy,RepJimmyPanetta
California,Pelosi,Nancy,SpeakerPelosi
California,Pelosi,Nancy,TeamPelosi
California,Peters,Scott,RepScottPeters
California,Peters,Scott,ScottPetersSD
California,Porter,Katie,RepKatiePorter
California,Porter,Katie,katieporteroc
California,Rouda,Harley,HarleyRouda
California,Rouda,Harley,RepHarley
California,Roybal-Allard,Lucille,RepRoybalAllard
California,Ruiz,Raul,CongressmanRuiz
California,Ruiz,Raul,Dr_RaulRuiz
California,Schiff,Adam,AdamSchiff
California,Schiff,Adam,RepAdamSchiff
California,Sherman,Brad,BradSherman
California,Speier,Jackie,JackieSpeier
California,Speier,Jackie,RepSpeier
California,Swalwell,Eric,RepSwalwell
California,Swalwell,Eric,ericswalwell
California,Sánchez,Linda,LindaTSanchez
California,Sánchez,Linda,RepLindaSanchez
California,Takano,Mark,MarkTakano
California,Takano,Mark,RepMarkTakano
California,Thompson,Mike,Mike_CA05
California,Thompson,Mike,RepThompson
California,Torres,Norma,Norma4Congress
California,Torres,Norma,NormaJTorres
California,Vargas,Juan,JuanVargas4CA
California,Vargas,Juan,RepJuanVargas
California,Waters,Maxine,MaxineWaters
California,Waters,Maxine,RepMaxineWaters
Colorado,Buck,Ken,BuckForColorado
Colorado,Buck,Ken,RepKenBuck
Colorado,Crow,Jason,JasonCrowCO6
Colorado,Crow,Jason,RepJasonCrow
Colorado,DeGette,Diana,RepDianaDeGette
Colorado,Lamborn,Doug,DougLambornCD5
Colorado,Lamborn,Doug,RepDLamborn
Colorado,Neguse,Joe,JoeNeguse
Colorado,Neguse,Joe,RepJoeNeguse
Colorado,Perlmutter,Ed,Ed4Colorado
Colorado,Perlmutter,Ed,RepPerlmutter
Colorado,Tipton,Scott,RepTipton
Colorado,Tipton,Scott,ScottRTipton
Connecticut,Courtney,Joe,JoeCourtneyCT
Connecticut,Courtney,Joe,RepJoeCourtney
Connecticut,DeLauro,Rosa,Rosa_DeLauro
Connecticut,DeLauro,Rosa,rosadelauro
Connecticut,Hayes,Jahana,JahanaHayesCT
Connecticut,Hayes,Jahana,RepJahanaHayes
Connecticut,Himes,James,jahimes
Connecticut,Larson,John,JohnLarsonCT
Connecticut,Larson,John,RepJohnLarson
Delaware,Blunt Rochester,Lisa,LisaBRochester
Delaware,Blunt Rochester,Lisa,RepLBR
District of Columbia,Norton,Eleanor,EleanorNorton
Florida,Bilirakis,Gus,Bilirakis
Florida,Bilirakis,Gus,RepGusBilirakis
Florida,Buchanan,Vern,VernBuchanan
Florida,Castor,Kathy,KathyCastorFL
Florida,Castor,Kathy,USRepKCastor
Florida,Crist,Charlie,CharlieCrist
Florida,Crist,Charlie,RepCharlieCrist
Florida,Demings,Val,RepValDemings
Florida,Demings,Val,val_demings
Florida,Deutch,Theodore,RepTedDeutch
Florida,Deutch,Theodore,TedDeutch
Florida,Diaz-Balart,Mario,MarioDB
Florida,Diaz-Balart,Mario,MarioDBCamp
Florida,Dunn,Neal,DrNealDunnFL2
Florida,Dunn,Neal,DunnCampaign
Florida,Frankel,Lois,LoisFrankel
Florida,Frankel,Lois,RepLoisFrankel
Florida,Gaetz,Matt,RepMattGaetz
Florida,Gaetz,Matt,mattgaetz
Florida,Hastings,Alcee,RepHastingsFL
Florida,Hastings,Alcee,alcee4congress
Florida,Lawson,Al,AlLawsonJr
Florida,Lawson,Al,RepAlLawsonJr
Florida,Mast,Brian,BrianMastFL
Florida,Mast,Brian,RepBrianMast
Florida,Mucarsel-Powell,Debbie,DebbieforFL
Florida,Mucarsel-Powell,Debbie,RepDMP
Florida,Murphy,Stephanie,RepStephMurphy
Florida,Murphy,Stephanie,SMurphyCongress
Florida,Posey,Bill,congbillposey
Florida,Rooney,Francis,FrancisRooney
Florida,Rooney,Francis,RepRooney
Florida,Rutherford,John,JRutherfordFL
Florida,Rutherford,John,RepRutherfordFL
Florida,Shalala,Donna,DonnaShalala
Florida,Shalala,Donna,RepShalala
Florida,Soto,Darren,DarrenSoto
Florida,Soto,Darren,RepDarrenSoto
Florida,Spano,Ross,RossSpano
Florida,Steube,Greg,RepGregSteube
Florida,Steube,Greg,gregsteube
Florida,Waltz,Michael,RepMichaelWaltz
Florida,Waltz,Michael,michaelgwaltz
Florida,Wasserman Schultz,Debbie,DWStweets
Florida,Wasserman Schultz,Debbie,RepDWStweets
Florida,Webster,Daniel,RepWebster
Florida,Wilson,Frederica,RepWilson
Florida,Yoho,Ted,RepTedYoho
Florida,Yoho,Ted,TedYoho
Georgia,Allen,Rick,RepRickAllen
Georgia,Allen,Rick,rickallen
Georgia,Bishop,Sanford,SanfordBishop
Georgia,Carter,Buddy,Buddy_Carter
Georgia,Carter,Buddy,RepBuddyCarter
Georgia,Collins,Doug,Douglas_Collins
Georgia,Collins,Doug,RepDougCollins
Georgia,Ferguson,Drew,DrewFergusonGA
Georgia,Ferguson,Drew,RepDrewFerguson
Georgia,Graves,Tom,RepTomGraves
Georgia,Graves,Tom,TomGravesGA14
Georgia,Hice,Jody,CongressmanHice
Georgia,Hice,Jody,JodyHice
Georgia,Johnson,Hank,ReElectHank
Georgia,Johnson,Hank,RepHankJohnson
Georgia,Lewis,John,repjohnlewis
Georgia,Loudermilk,Barry,RepLoudermilk
Georgia,Loudermilk,Barry,standwithbarry
Georgia,McBath,Lucy,RepLucyMcBath
Georgia,McBath,Lucy,lucymcbath
Georgia,Scott,Austin,AustinScottGA08
Georgia,Scott,David,repdavidscott
Georgia,Woodall,Rob,RepRobWoodall
Guam,San Nicolas,Michael,GuamCongressman
Hawaii,Case,Ed,EdCaseHawaii
Hawaii,Case,Ed,RepEdCase
Hawaii,Gabbard,Tulsi,TulsiGabbard
Hawaii,Gabbard,Tulsi,TulsiPress
Idaho,Fulcher,Russ,RepRussFulcher
Idaho,Simpson,Michael,CongMikeSimpson
Idaho,Simpson,Michael,MikeSimpson4ID
Illinois,Bost,Mike,BostForCongress
Illinois,Bost,Mike,RepBost
Illinois,Bustos,Cheri,CheriBustos
Illinois,Bustos,Cheri,RepCheri
Illinois,Casten,Sean,RepCasten
Illinois,Casten,Sean,SeanCasten
Illinois,Davis,Danny,DannyKDavis
Illinois,Davis,Danny,RepDannyDavis
Illinois,Davis,Rodney,ElectRodney
Illinois,Davis,Rodney,RodneyDavis
Illinois,Foster,Bill,Foster4Congress
Illinois,Foster,Bill,RepBillFoster
Illinois,García,Chuy,ChuyForCongress
Illinois,García,Chuy,RepChuyGarcia
Illinois,Kelly,Robin,RepRobinKelly
Illinois,Kelly,Robin,RobinLynneKelly
Illinois,Kinzinger,Adam,AdamKinzinger
Illinois,Kinzinger,Adam,RepKinzinger
Illinois,Krishnamoorthi,Raja,CongressmanRaja
Illinois,Krishnamoorthi,Raja,RajaForCongress
Illinois,LaHood,Darin,ElectLaHood
Illinois,LaHood,Darin,RepLaHood
Illinois,Lipinski,Daniel,DanLipinski
Illinois,Lipinski,Daniel,RepLipinski
Illinois,Quigley,Mike,QuigleyCampaign
Illinois,Quigley,Mike,RepMikeQuigley
Illinois,Rush,Bobby,BobbyLRushMC
Illinois,Rush,Bobby,RepBobbyRush
Illinois,Schakowsky,Jan,RepSchakowsky
Illinois,Schakowsky,Jan,janschakowsky
Illinois,Schneider,Bradley,RepSchneider
Illinois,Schneider,Bradley,Schneider4IL10
Illinois,Shimkus,John,JohnMShimkus
Illinois,Shimkus,John,RepShimkus
Illinois,Underwood,Lauren,LaurenUnderwood
Illinois,Underwood,Lauren,RepUnderwood
Indiana,Baird,James,ElectJimBaird
Indiana,Baird,James,RepJimBaird
Indiana,Banks,Jim,Jim_Banks
Indiana,Banks,Jim,RepJimBanks
Indiana,Brooks,Susan,SusanBrooksIN
Indiana,Brooks,Susan,SusanWBrooks
Indiana,Bucshon,Larry,DrLarryBucshon
Indiana,Bucshon,Larry,RepLarryBucshon
Indiana,Carson,André,Andre4Congress
Indiana,Carson,André,RepAndreCarson
Indiana,Hollingsworth,Trey,RepTrey
Indiana,Hollingsworth,Trey,VoteForTrey
Indiana,Pence,Greg,GregPenceIN
Indiana,Pence,Greg,RepGregPence
Indiana,Visclosky,Pete,repvisclosky
Indiana,Walorski,Jackie,RepWalorski
Indiana,Walorski,Jackie,jackiewalorski
Iowa,Axne,Cynthia,RepCindyAxne
Iowa,Finkenauer,Abby,Abby4Iowa
Iowa,Finkenauer,Abby,RepFinkenauer
Iowa,King,Steve,SteveKingIA
Iowa,Loebsack,David,DaveForIowa
Iowa,Loebsack,David,daveloebsack
Kansas,Davids,Sharice,RepDavids
Kansas,Davids,Sharice,sharicedavids
Kansas,Estes,Ron,RepRonEstes
Kansas,Estes,Ron,RonEstesKS
Kansas,Marshall,Roger,RepMarshall
Kansas,Marshall,Roger,RogerMarshallMD
Kansas,Watkins,Steve,Rep_Watkins
Kansas,Watkins,Steve,Steve4Kansas
Kentucky,Barr,Andy,RepAndyBarr
Kentucky,Barr,Andy,barrforcongress
Kentucky,Comer,James,KYComer
Kentucky,Guthrie,Brett,RepGuthrie
Kentucky,Guthrie,Brett,brettguthrie
Kentucky,Massie,Thomas,RepThomasMassie
Kentucky,Rogers,Hal,RepHalRogers
Kentucky,Yarmuth,John,RepJohnYarmuth
Louisiana,Abraham,Ralph,DocAbraham
Louisiana,Abraham,Ralph,RepAbraham
Louisiana,Graves,Garret,RepGarretGraves
Louisiana,Graves,Garret,garretgraves
Louisiana,Higgins,Clay,CaptClayHiggins
Louisiana,Higgins,Clay,RepClayHiggins
Louisiana,Johnson,Mike,RepMikeJohnson
Louisiana,Richmond,Cedric,CedricRichmond
Louisiana,Richmond,Cedric,RepRichmond
Louisiana,Scalise,Steve,GeauxScalise
Louisiana,Scalise,Steve,SteveScalise
Maine,Golden,Jared,RepGolden
Maine,Golden,Jared,golden4congress
Maine,Pingree,Chellie,chelliepingree
Maryland,Brown,Anthony,AnthonyBrownMD4
Maryland,Brown,Anthony,RepAnthonyBrown
Maryland,Harris,Andy,RepAndyHarrisMD
Maryland,Harris,Andy,harris4congress
Maryland,Hoyer,Steny,LeaderHoyer
Maryland,Hoyer,Steny,StenyHoyer
Maryland,Raskin,Jamie,RepRaskin
Maryland,Raskin,Jamie,jamie_raskin
Maryland,Ruppersberger,Dutch,Call_Me_Dutch
Maryland,Sarbanes,John,JohnSarbanes
Maryland,Sarbanes,John,RepSarbanes
Maryland,Trone,David,RepDavidTrone
Maryland,Trone,David,davidjtrone
Massachusetts,Clark,Katherine,KatherineClark
Massachusetts,Clark,Katherine,RepKClark
Massachusetts,Keating,Bill,USRepKeating
Massachusetts,Keating,Bill,WilliamKeating
Massachusetts,Kennedy,Joe,RepJoeKennedy
Massachusetts,Kennedy,Joe,joekennedy
Massachusetts,Lynch,Stephen,RepLynch
Massachusetts,Lynch,Stephen,RepStephenLynch
Massachusetts,McGovern,Jim,McGovernMA
Massachusetts,McGovern,Jim,RepMcGovern
Massachusetts,Moulton,Seth,sethmoulton
Massachusetts,Moulton,Seth,teammoulton
Massachusetts,Neal,Richard,NealForCongress
Massachusetts,Neal,Richard,RepRichardNeal
Massachusetts,Pressley,Ayanna,AyannaPressley
Massachusetts,Pressley,Ayanna,RepPressley
Massachusetts,Trahan,Lori,RepLoriTrahan
Massachusetts,Trahan,Lori,latrahan
Michigan,Amash,Justin,justinamash
Michigan,Amash,Justin,teamamash
Michigan,Bergman,Jack,JackBergman_MI1
Michigan,Bergman,Jack,RepJackBergman
Michigan,Dingell,Debbie,DebDingell
Michigan,Dingell,Debbie,RepDebDingell
Michigan,Huizenga,Bill,RepHuizenga
Michigan,Huizenga,Bill,billhuizenga
Michigan,Kildee,Dan,RepDanKildee
Michigan,Kildee,Dan,dankildee
Michigan,Lawrence,Brenda,BrendaLLawrence
Michigan,Lawrence,Brenda,RepLawrence
Michigan,Levin,Andy,Andy_Levin
Michigan,Levin,Andy,RepAndyLevin
Michigan,Mitchell,Paul,RepPaulMitchell
Michigan,Moolenaar,John,RepMoolenaar
Michigan,Slotkin,Elissa,ElissaSlotkin
Michigan,Slotkin,Elissa,RepSlotkin
Michigan,Stevens,Haley,HaleyLive
Michigan,Stevens,Haley,RepHaleyStevens
Michigan,Tlaib,Rashida,RashidaTlaib
Michigan,Tlaib,Rashida,RepRashida
Michigan,Upton,Fred,RepFredUpton
Michigan,Upton,Fred,UptonForAllOfUs
Michigan,Walberg,Tim,RepWalberg
Minnesota,Craig,Angie,AngieCraigMN
Minnesota,Craig,Angie,RepAngieCraig
Minnesota,Emmer,Tom,RepTomEmmer
Minnesota,Emmer,Tom,tomemmer
Minnesota,Hagedorn,Jim,JimHagedornMN
Minnesota,Hagedorn,Jim,RepHagedorn
Minnesota,McCollum,Betty,BettyMcCollum04
Minnesota,McCollum,Betty,VoteBetty
Minnesota,Omar,Ilhan,Ilhan
Minnesota,Omar,Ilhan,IlhanMN
Minnesota,Peterson,Collin,collinpeterson
Minnesota,Phillips,Dean,RepDeanPhillips
Minnesota,Phillips,Dean,deanbphillips
Minnesota,Stauber,Pete,PeteStauber
Minnesota,Stauber,Pete,RepPeteStauber
Mississippi,Guest,Michael,GuestCongress
Mississippi,Guest,Michael,RepMichaelGuest
Mississippi,Kelly,Trent,RepTrentKelly
Mississippi,Palazzo,Steven,CongPalazzo
Mississippi,Palazzo,Steven,StevenPalazzo
Mississippi,Thompson,Bennie,BennieGThompson
Missouri,Clay,Lacy,LacyClayMO1
Missouri,Cleaver,Emanuel,repcleaver
Missouri,Graves,Sam,RepSamGraves
Missouri,Hartzler,Vicky,RepHartzler
Missouri,Hartzler,Vicky,VickyH4Congress
Missouri,Long,Billy,USRepLong
Missouri,Long,Billy,auctnr1
Missouri,Luetkemeyer,Blaine,LuetkemeyerB
Missouri,Luetkemeyer,Blaine,RepBlaine
Missouri,Smith,Jason,JasonSmithMO
Missouri,Smith,Jason,RepJasonSmith
Missouri,Wagner,Ann,AnnLWagner
Missouri,Wagner,Ann,RepAnnWagner
Montana,Gianforte,Greg,GregForMontana
Montana,Gianforte,Greg,gianforte
Nebraska,Bacon,Don,DonJBacon
Nebraska,Bacon,Don,RepDonBacon
Nebraska,Fortenberry,Jeff,JeffFortenberry
Nebraska,Smith,Adrian,RepAdrianSmith
Nevada,Amodei,Mark,AmodeiForNevada
Nevada,Amodei,Mark,MarkAmodeiNV2
Nevada,Horsford,Steven,RepHorsford
Nevada,Horsford,Steven,StevenHorsford
Nevada,Lee,Susie,RepSusieLee
Nevada,Lee,Susie,SusieLeeNV
Nevada,Titus,Dina,dinatitus
Nevada,Titus,Dina,repdinatitus
New Hampshire,Kuster,Ann,AnnMcLaneKuster
New Hampshire,Kuster,Ann,RepAnnieKuster
New Hampshire,Pappas,Chris,ChrisPappasNH
New Hampshire,Pappas,Chris,RepChrisPappas
New Jersey,Gottheimer,Josh,JoshGottheimer
New Jersey,Gottheimer,Josh,RepJoshG
New Jersey,Kim,Andy,AndyKimNJ
New Jersey,Malinowski,Tom,Malinowski
New Jersey,Malinowski,Tom,RepMalinowski
New Jersey,Norcross,Donald,DonNorcross4NJ
New Jersey,Norcross,Donald,DonaldNorcross
New Jersey,Pallone,Frank,FrankPallone
New Jersey,Pallone,Frank,pallonefornj
New Jersey,Pascrell,Bill,BillPascrell
New Jersey,Pascrell,Bill,PascrellforNJ
New Jersey,Payne,Donald,DonaldPayneJr
New Jersey,Payne,Donald,RepDonaldPayne
New Jersey,Sherrill,Mikie,MikieSherrill
New Jersey,Sherrill,Mikie,RepSherrill
New Jersey,Sires,Albio,AlbioSiresNJ
New Jersey,Sires,Albio,RepSires
New Jersey,Smith,Chris,RepChrisSmith
New Jersey,Van Drew,Jefferson,CongressmanJVD
New Jersey,Van Drew,Jefferson,VanDrewForNJ
New Jersey,Watson Coleman,Bonnie,RepBonnie
New Mexico,Haaland,Debra,Deb4CongressNM
New Mexico,Haaland,Debra,RepDebHaaland
New Mexico,Luján,Ben,Ray,benraylujan
New Mexico,Luján,Ben,Ray,repbenraylujan
New Mexico,Torres Small,Xochitl,RepTorresSmall
New Mexico,Torres Small,Xochitl,XochforCongress
New York,Brindisi,Anthony,ABrindisiNY
New York,Brindisi,Anthony,RepBrindisi
New York,Clarke,Yvette,RepYvetteClarke
New York,Clarke,Yvette,VoteYvette
New York,Delgado,Antonio,DelgadoforNY19
New York,Delgado,Antonio,repdelgado
New York,Engel,Eliot,RepEliotEngel
New York,Espaillat,Adriano,EspaillatNY
New York,Espaillat,Adriano,RepEspaillat
New York,Higgins,Brian,RepBrianHiggins
New York,Jeffries,Hakeem,RepJeffries
New York,Jeffries,Hakeem,TeamJeffries
New York,Katko,John,RepJohnKatko
New York,King,Peter,RepPeteKing
New York,King,Peter,peter_king
New York,Lowey,Nita,NitaLowey
New York,Maloney,Carolyn,CarolynBMaloney
New York,Maloney,Carolyn,RepMaloney
New York,Maloney,Sean,RepSeanMaloney
New York,Maloney,Sean,spmaloney
New York,Meeks,Gregory,RepGregoryMeeks
New York,Meng,Grace,Grace4NY
New York,Meng,Grace,RepGraceMeng
New York,Morelle,Joe,RepJoeMorelle
New York,Morelle,Joe,votemorelle
New York,Nadler,Jerry,JerryNadler
New York,Nadler,Jerry,RepJerryNadler
New York,Ocasio-Cortez,Alexandria,AOC
New York,Ocasio-Cortez,Alexandria,RepAOC
New York,Reed,Tom,RepTomReed
New York,Reed,Tom,TomReedCongress
New York,Rice,Kathleen,KathleenRice
New York,Rice,Kathleen,RepKathleenRice
New York,Rose,Max,MaxRose4NY
New York,Rose,Max,RepMaxRose
New York,Serrano,José,RepJoseSerrano
New York,Serrano,José,serranocongress
New York,Stefanik,Elise,EliseStefanik
New York,Stefanik,Elise,RepStefanik
New York,Suozzi,Tom,RepTomSuozzi
New York,Suozzi,Tom,Tom_Suozzi
New York,Tonko,Paul,PaulTonko
New York,Tonko,Paul,RepPaulTonko
New York,Velázquez,Nydia,NydiaVelazquez
New York,Velázquez,Nydia,ReElectNydia
New York,Zeldin,Lee,RepLeeZeldin
New York,Zeldin,Lee,leezeldin
North Carolina,Adams,Alma,AlmaforCongress
North Carolina,Adams,Alma,RepAdams
North Carolina,Bishop,Dan,RepDanBishop
North Carolina,Bishop,Dan,jdanbishop
North Carolina,Budd,Ted,RepTedBudd
North Carolina,Budd,Ted,buddforcongress
North Carolina,Butterfield,G. K.,GKButterfield
North Carolina,Foxx,Virginia,foxxforcongress
North Carolina,Foxx,Virginia,virginiafoxx
North Carolina,Holding,George,GeorgeHolding
North Carolina,Holding,George,RepHolding
North Carolina,Hudson,Richard,RepRichHudson
North Carolina,Hudson,Richard,RichHudson
North Carolina,McHenry,Patrick,McHenryCampaign
North Carolina,McHenry,Patrick,PatrickMcHenry
North Carolina,Meadows,Mark,MarkMeadows
North Carolina,Meadows,Mark,RepMarkMeadows
North Carolina,Murphy,Greg,DrGregMurphy1
North Carolina,Murphy,Greg,RepGregMurphy
North Carolina,Price,David,DPrice4Congress
North Carolina,Price,David,RepDavidEPrice
North Carolina,Rouzer,David,DavidRouzer
North Carolina,Rouzer,David,RepDavidRouzer
North Carolina,Walker,Mark,RepMarkWalker
North Carolina,Walker,Mark,Walker4NC
North Dakota,Armstrong,Kelly,Armstrong_ND
North Dakota,Armstrong,Kelly,RepArmstrongND
Ohio,Balderson,Troy,RepBalderson
Ohio,Beatty,Joyce,JoyceBeatty
Ohio,Beatty,Joyce,RepBeatty
Ohio,Chabot,Steve,RepSteveChabot
Ohio,Chabot,Steve,SteveChabot
Ohio,Davidson,Warren,Vote_Davidson
Ohio,Davidson,Warren,WarrenDavidson
Ohio,Fudge,Marcia,RepMarciaFudge
Ohio,Fudge,Marcia,mlfudge
Ohio,Gibbs,Bob,Bob_Gibbs
Ohio,Gibbs,Bob,RepBobGibbs
Ohio,Gonzalez,Anthony,RepAGonzalez
Ohio,Gonzalez,Anthony,anthonygonzalez
Ohio,Johnson,Bill,JohnsonLeads
Ohio,Johnson,Bill,RepBillJohnson
Ohio,Jordan,Jim,Jim_Jordan
Ohio,Joyce,Dave,DaveJoyceOH14
Ohio,Joyce,Dave,RepDaveJoyce
Ohio,Kaptur,Marcy,Marcy_Kaptur
Ohio,Kaptur,Marcy,RepMarcyKaptur
Ohio,Latta,Bob,boblatta
Ohio,Latta,Bob,latta4congress
Ohio,Ryan,Tim,RepTimRyan
Ohio,Ryan,Tim,TimRyan
Ohio,Stivers,Steve,RepSteveStivers
Ohio,Stivers,Steve,stevestivers
Ohio,Turner,Mike,MikeTurnerOH
Ohio,Turner,Mike,RepMikeTurner
Ohio,Wenstrup,Brad,RepBradWenstrup
Ohio,Wenstrup,Brad,bradwenstrup
Oklahoma,Cole,Tom,TomColeOK04
Oklahoma,Hern,Kevin,krhern
Oklahoma,Hern,Kevin,repkevinhern
Oklahoma,Horn,Kendra,HornForCongress
Oklahoma,Horn,Kendra,RepKendraHorn
Oklahoma,Lucas,Frank,FrankDLucas
Oklahoma,Lucas,Frank,RepFrankLucas
Oklahoma,Mullin,Markwayne,MarkwayneMullin
Oklahoma,Mullin,Markwayne,RepMullin
Oregon,Blumenauer,Earl,repblumenauer
Oregon,Bonamici,Suzanne,RepBonamici
Oregon,DeFazio,Peter,RepPeterDeFazio
Oregon,Schrader,Kurt,RepSchrader
Oregon,Walden,Greg,repgregwalden
Oregon,Walden,Greg,votegregwalden
Pennsylvania,Boyle,Brendan,CongBoyle
Pennsylvania,Boyle,Brendan,RepBrendanBoyle
Pennsylvania,Cartwright,Matt,CartwrightPA
Pennsylvania,Cartwright,Matt,RepCartwright
Pennsylvania,Dean,Madeleine,RepDean
Pennsylvania,Doyle,Mike,USRepMikeDoyle
Pennsylvania,Evans,Dwight,DwightEvansPA
Pennsylvania,Evans,Dwight,RepDwightEvans
Pennsylvania,Fitzpatrick,Brian,BrianFitzUSA
Pennsylvania,Fitzpatrick,Brian,RepBrianFitz
Pennsylvania,Houlahan,Chrissy,HoulahanForPa
Pennsylvania,Houlahan,Chrissy,RepHoulahan
Pennsylvania,Joyce,John,JohnJoyceForPA
Pennsylvania,Joyce,John,RepJohnJoyce
Pennsylvania,Keller,Fred,RepFredKeller
Pennsylvania,Keller,Fred,VoteFredKeller
Pennsylvania,Kelly,Mike,MikeKellyPA
Pennsylvania,Kelly,Mike,MikeKellyforPA
Pennsylvania,Lamb,Conor,ConorLambPA
Pennsylvania,Lamb,Conor,RepConorLamb
Pennsylvania,Meuser,Daniel,Meuser4Congress
Pennsylvania,Meuser,Daniel,RepMeuser
Pennsylvania,Perry,Scott,RepScottPerry
Pennsylvania,Perry,Scott,scottperry
Pennsylvania,Reschenthaler,Guy,GReschenthaler
Pennsylvania,Reschenthaler,Guy,reschenthaler
Pennsylvania,Scanlon,Mary,Gay,RepMGS
Pennsylvania,Scanlon,Mary,Gay,marygayscanlon
Pennsylvania,Smucker,Lloyd,LloydSmuckerPA
Pennsylvania,Smucker,Lloyd,RepSmucker
Pennsylvania,Thompson,Glenn,CongressmanGT
Pennsylvania,Thompson,Glenn,GT_TeamGT
Pennsylvania,Wild,Susan,RepSusanWild
Pennsylvania,Wild,Susan,wildforcongress
Rhode Island,Cicilline,David,RepCicilline
Rhode Island,Cicilline,David,davidcicilline
Rhode Island,Langevin,Jim,JimLangevin
South Carolina,Clyburn,James,ClyburnSC06
South Carolina,Clyburn,James,WhipClyburn
South Carolina,Cunningham,Joe,JoeCunninghamSC
South Carolina,Cunningham,Joe,RepCunningham
South Carolina,Duncan,Jeff,Duncan4Congress
South Carolina,Duncan,Jeff,RepJeffDuncan
South Carolina,Norman,Ralph,RalphNorman
South Carolina,Norman,Ralph,RepRalphNorman
South Carolina,Rice,Tom,RepTomRice
South Carolina,Timmons,William,RepTimmons
South Carolina,Timmons,William,VoteTimmons
South Carolina,Wilson,Joe,CongJoeWilson
South Carolina,Wilson,Joe,RepJoeWilson
South Dakota,Johnson,Dusty,DustyJohnson
South Dakota,Johnson,Dusty,RepDustyJohnson
Tennessee,Burchett,Tim,RepTimBurchett
Tennessee,Burchett,Tim,timburchett
Tennessee,Cohen,Steve,ReElectCohen
Tennessee,Cohen,Steve,RepCohen
Tennessee,Cooper,Jim,CoopForCongress
Tennessee,Cooper,Jim,repjimcooper
Tennessee,DesJarlais,Scott,DesJarlaisTN04
Tennessee,DesJarlais,Scott,tndesjarlais
Tennessee,Fleischmann,Chuck,RepChuck
Tennessee,Fleischmann,Chuck,chuck4congress
Tennessee,Green,Mark,DrMarkGreen4TN
Tennessee,Green,Mark,RepMarkGreen
Tennessee,Kustoff,David,DavidKustoff
Tennessee,Kustoff,David,RepDavidKustoff
Tennessee,Roe,Phil,DrPhilRoe
Tennessee,Rose,John,JohnRoseforTN
Tennessee,Rose,John,RepJohnRose
Texas,Allred,Colin,ColinAllredTX
Texas,Allred,Colin,RepColinAllred
Texas,Arrington,Jodey,JodeyArrington
Texas,Arrington,Jodey,RepArrington
Texas,Babin,Brian,Babin4Congress
Texas,Babin,Brian,RepBrianBabin
Texas,Brady,Kevin,RepKevinBrady
Texas,Brady,Kevin,bradyfortexas
Texas,Burgess,Michael,michaelcburgess
Texas,Carter,John,JudgeCarter
Texas,Carter,John,JudgeJohnCarter
Texas,Castro,Joaquin,Castro4Congress
Texas,Castro,Joaquin,JoaquinCastrotx
Texas,Cloud,Michael,MichaelJCloud
Texas,Cloud,Michael,RepCloudTX
Texas,Conaway,Mike,ConawayTX11
Texas,Crenshaw,Dan,DanCrenshawTX
Texas,Crenshaw,Dan,RepDanCrenshaw
Texas,Cuellar,Henry,CuellarCampaign
Texas,Cuellar,Henry,RepCuellar
Texas,Doggett,Lloyd,LloydDoggettTX
Texas,Doggett,Lloyd,RepLloydDoggett
Texas,Escobar,Veronica,RepEscobar
Texas,Escobar,Veronica,vgescobar
Texas,Fletcher,Lizzie,Lizzie4Congress
Texas,Fletcher,Lizzie,RepFletcher
Texas,Flores,Bill,Flores4Congress
Texas,Flores,Bill,RepBillFlores
Texas,Garcia,Sylvia,LaCongresista
Texas,Garcia,Sylvia,RepSylviaGarcia
Texas,Gohmert,Louie,LouieGohmertTX1
Texas,Gohmert,Louie,replouiegohmert
Texas,Gonzalez,Vicente,RepGonzalez
Texas,Gonzalez,Vicente,Vicentecongress
Texas,Gooden,Lance,Lancegooden
Texas,Granger,Kay,RepKayGranger
Texas,Green,Al,RepAlGreen
Texas,Green,Al,RepAlGreenTX
Texas,Hurd,Will,HurdOnTheHill
Texas,Hurd,Will,WillHurd
Texas,Jackson Lee,Sheila,JacksonLeeTX18
Texas,Jackson Lee,Sheila,SheilaJacksonLe
Texas,Johnson,E.B.,RepEBJ
Texas,Marchant,Kenny,RepKenMarchant
Texas,McCaul,Michael,McCaulforTexas
Texas,McCaul,Michael,RepMcCaul
Texas,Olson,Pete,PeteOlson
Texas,Olson,Pete,RepPeteOlson
Texas,Ratcliffe,John,RatcliffeTX4
Texas,Ratcliffe,John,RepRatcliffe
Texas,Roy,Chip,RepChipRoy
Texas,Roy,Chip,chiproytx
Texas,Taylor,Van,RepVanTaylor
Texas,Taylor,Van,VanTaylorTX
Texas,Thornberry,Mac,MacTXPress
Texas,Thornberry,Mac,MacThornberry
Texas,Veasey,Marc,MarcVeasey
Texas,Veasey,Marc,RepVeasey
Texas,Vela,Filemon,FilemonVela
Texas,Vela,Filemon,RepFilemonVela
Texas,Weber,Randy,TXRandy14
Texas,Weber,Randy,WeberforTexas
Texas,Williams,Roger,RepRWilliams
Texas,Williams,Roger,RogerWilliamsTX
Texas,Wright,Ron,RepRonWright
Texas,Wright,Ron,ron4congress
Utah,Bishop,Rob,RobBishopUT
Utah,Curtis,John,CurtisUT
Utah,Curtis,John,RepJohnCurtis
Utah,McAdams,Ben,BenMcAdams
Utah,McAdams,Ben,RepBenMcAdams
Utah,Stewart,Chris,RepChrisStewart
Utah,Stewart,Chris,StewartforUtah
Vermont,Welch,Peter,PeterWelch
Virginia,Beyer,Don,DonBeyerVA
Virginia,Beyer,Don,RepDonBeyer
Virginia,Cline,Ben,Cline4Virginia
Virginia,Cline,Ben,RepBenCline
Virginia,Connolly,Gerry,ElectConnolly
Virginia,Connolly,Gerry,GerryConnolly
Virginia,Griffith,Morgan,MorganGriffith
Virginia,Griffith,Morgan,RepMGriffith
Virginia,Luria,Elaine,ElaineLuriaVA
Virginia,Luria,Elaine,RepElaineLuria
Virginia,McEachin,Donald,Donald_McEachin
Virginia,McEachin,Donald,RepMcEachin
Virginia,Riggleman,Denver,Denver4VA
Virginia,Riggleman,Denver,RepRiggleman
Virginia,Scott,Bobby,BobbyScott
Virginia,Scott,Bobby,BobbyScott4VA3
Virginia,Spanberger,Abigail,RepSpanberger
Virginia,Spanberger,Abigail,SpanbergerVA07
Virginia,Wexton,Jennifer,JenniferWexton
Virginia,Wexton,Jennifer,RepWexton
Virginia,Wittman,Rob,ReElectWittman
Virginia,Wittman,Rob,RobWittman
Washington,DelBene,Suzan,RepDelBene
Washington,DelBene,Suzan,SuzanDelBene
Washington,Heck,Denny,DennyHeck
Washington,Heck,Denny,RepDennyHeck
Washington,Herrera Beutler,Jaime,HerreraBeutler
Washington,Herrera Beutler,Jaime,JaimeForUSRep
Washington,Jayapal,Pramila,PramilaJayapal
Washington,Jayapal,Pramila,RepJayapal
Washington,Kilmer,Derek,DerekKilmer
Washington,Kilmer,Derek,RepDerekKilmer
Washington,Larsen,Rick,RepRickLarsen
Washington,Larsen,Rick,larsenrick
Washington,Newhouse,Dan,RepNewhouse
Washington,Rodgers,Cathy,McMorris,TeamCMR
Washington,Rodgers,Cathy,McMorris,cathymcmorris
Washington,Schrier,Kim,DrKimSchrier
Washington,Schrier,Kim,RepKimSchrier
Washington,Smith,Adam,RepAdamSmith
Washington,Smith,Adam,electadamsmith
West Virginia,McKinley,David,RepMcKinley
West Virginia,Miller,Carol,CarolMillerWV
West Virginia,Miller,Carol,RepCarolMiller
West Virginia,Mooney,Alex,MooneyforWV
West Virginia,Mooney,Alex,RepAlexMooney
Wisconsin,Gallagher,Mike,MikeforWI
Wisconsin,Gallagher,Mike,RepGallagher
Wisconsin,Grothman,Glenn,GrothmanforWI
Wisconsin,Grothman,Glenn,RepGrothman
Wisconsin,Kind,Ron,RepRonKind
Wisconsin,Moore,Gwen,Gwen4Congress
Wisconsin,Moore,Gwen,RepGwenMoore
Wisconsin,Pocan,Mark,MarkPocan
Wisconsin,Pocan,Mark,repmarkpocan
Wisconsin,Sensenbrenner,Jim,JimPressOffice
Wisconsin,Sensenbrenner,Jim,RpSensenbrenner
Wisconsin,Steil,Bryan,RepBryanSteil
Wyoming,Cheney,Liz,Liz_Cheney
Wyoming,Cheney,Liz,RepLizCheney
